Tweet ID,Text,User,Created At,Likes,Retweets,Sentiment
942307479602980587,Feeling disappointed in myself.,fwebb,2023-01-01 00:24:35,1,527,negative
795281760498061643,Feeling grateful for my friends and family.,opowell,2023-01-01 00:27:13,811,403,positive
510298709186823721,Watching a movie tonight.,diana08,2023-01-01 06:00:27,599,381,neutral
112208789422049311,Watching a movie tonight.,lori63,2023-01-01 06:47:27,572,528,neutral
304511446752044204,I hate it when things don't go my way.,jessica50,2023-01-01 13:10:40,756,1,negative
886047620415212570,I'm so upset right now.,kristine17,2023-01-01 21:25:52,227,11,negative
561544329077196109,I hate it when things don't go my way.,powerspatricia,2023-01-01 23:32:33,301,798,negative
513977214697348086,I hate it when things don't go my way.,watsonloretta,2023-01-02 00:40:03,656,297,negative
309018167222604578,This is the best day ever!,zacharybryant,2023-01-02 07:59:17,956,763,positive
118683292260619975,Feeling disappointed in myself.,sherry99,2023-01-02 08:44:42,128,810,negative
333584292043086417,I'm so upset right now.,royburton,2023-01-02 09:45:10,953,443,negative
940397558986424207,I love my life!,sweeneynichole,2023-01-02 16:59:42,420,271,positive
190400541347549854,I'm so upset right now.,gallegosnancy,2023-01-02 19:28:20,364,481,negative
360800915905267027,I love my life!,igiles,2023-01-03 04:03:53,188,905,positive
707922424705444110,Feeling disappointed in myself.,patricia23,2023-01-03 06:36:29,921,17,negative
622894459076549003,This is the best day ever!,kenneth33,2023-01-03 06:39:09,678,492,positive
423216126406971334,This is the best day ever!,yhernandez,2023-01-03 08:17:13,427,493,positive
160675133752952371,Feeling disappointed in myself.,odavis,2023-01-03 09:40:47,710,708,negative
484470022591234923,Feeling disappointed in myself.,fishermartha,2023-01-03 10:09:16,392,507,negative
211844628958605911,I hate it when things don't go my way.,stevenhill,2023-01-03 14:19:18,199,267,negative
477760657947044450,Feeling disappointed in myself.,ubruce,2023-01-03 18:40:26,339,836,negative
454124335020896560,I hate it when things don't go my way.,stephanieschmidt,2023-01-03 21:53:21,596,751,negative
701625737656915227,Going for a walk in the park.,ngregory,2023-01-03 23:51:50,770,836,neutral
850980892995551076,I'm so upset right now.,barbercourtney,2023-01-04 01:55:33,816,478,negative
372326482005119284,Going for a walk in the park.,tracymurray,2023-01-04 02:35:22,433,582,neutral
267071993913850176,I love my life!,stevensadrian,2023-01-04 05:18:29,477,328,positive
710515626246667138,Feeling grateful for my friends and family.,floressamuel,2023-01-04 09:14:43,361,317,positive
685827615491412801,Just had lunch with a friend.,catherinegibbs,2023-01-04 13:38:05,931,979,neutral
637940162884972459,I love my life!,richardmurphy,2023-01-04 22:04:26,353,518,positive
307978569182437947,Feeling disappointed in myself.,valencialisa,2023-01-04 22:23:38,516,197,negative
225531922522163368,I'm so upset right now.,kellerdaniel,2023-01-04 23:28:35,886,464,negative
298797976800628026,I hate it when things don't go my way.,gsingleton,2023-01-05 00:20:03,722,74,negative
927282469905062452,Watching a movie tonight.,baldwinholly,2023-01-05 02:57:42,742,616,neutral
575166161011299751,I love my life!,wilsonbernard,2023-01-05 09:25:46,9,368,positive
494075360045731479,I hate it when things don't go my way.,javier25,2023-01-05 10:50:09,31,992,negative
490913202978806053,Just had lunch with a friend.,perryrobinson,2023-01-05 15:16:05,109,605,neutral
384301619673542677,I hate it when things don't go my way.,nathan48,2023-01-05 17:23:52,188,149,negative
434450265006014667,Going for a walk in the park.,cgarza,2023-01-05 18:30:37,622,827,neutral
820997178521035891,I'm so upset right now.,smithjustin,2023-01-06 01:18:19,31,91,negative
527892533335121486,Just had lunch with a friend.,wilsonderrick,2023-01-06 01:58:51,635,598,neutral
673869658495739836,Feeling grateful for my friends and family.,david79,2023-01-06 02:52:10,373,24,positive
201758390889180048,This is the best day ever!,ecross,2023-01-06 03:34:54,30,775,positive
734287670105256131,I'm so upset right now.,ilindsey,2023-01-06 05:10:54,207,498,negative
985893432457790795,Watching a movie tonight.,joshuarojas,2023-01-06 10:07:47,150,914,neutral
628930176599979922,I hate it when things don't go my way.,mjohnson,2023-01-06 13:41:48,951,268,negative
427899161865222917,Feeling disappointed in myself.,alexis77,2023-01-06 14:08:37,363,532,negative
767544400756902943,I'm so upset right now.,timothywalsh,2023-01-06 15:22:54,884,167,negative
356427378486332698,Feeling grateful for my friends and family.,gary26,2023-01-06 18:31:16,323,387,positive
576986133446145274,I hate it when things don't go my way.,adam93,2023-01-07 03:31:39,634,304,negative
535459719304495228,I'm so upset right now.,kimberlysantiago,2023-01-07 09:15:48,499,497,negative
749888886510050252,This is the best day ever!,mhenry,2023-01-07 09:48:23,786,471,positive
584572431197595060,This is the best day ever!,robertjordan,2023-01-07 10:25:00,824,641,positive
646154904061032910,Feeling grateful for my friends and family.,dillonwendy,2023-01-07 13:56:17,277,620,positive
741560023779361473,I'm so upset right now.,bshea,2023-01-07 14:28:11,609,768,negative
729039580157835839,I'm so upset right now.,xward,2023-01-07 15:38:18,850,31,negative
249479543487776714,Just had lunch with a friend.,grahamrachael,2023-01-07 20:54:12,500,899,neutral
852566658685725336,Watching a movie tonight.,lharris,2023-01-07 23:48:17,539,961,neutral
616071787852318321,I love my life!,cartergina,2023-01-08 03:02:04,34,377,positive
993310673122799905,Feeling disappointed in myself.,nicoleanderson,2023-01-08 08:04:11,990,32,negative
807709600733345334,This is the best day ever!,rachel60,2023-01-08 12:38:52,785,66,positive
920634383852989250,I love my life!,henry36,2023-01-08 15:54:20,40,612,positive
798470684575553268,This is the best day ever!,swalters,2023-01-08 17:26:39,992,780,positive
651804212598221671,I'm so upset right now.,marktodd,2023-01-08 18:09:43,298,31,negative
941562807602482757,I'm so upset right now.,thomasrodriguez,2023-01-08 21:44:22,355,564,negative
288861510483391227,This is the best day ever!,keithhorn,2023-01-09 00:15:27,39,375,positive
412439660473780854,I'm so upset right now.,qphillips,2023-01-09 01:39:38,466,24,negative
525500584467451301,Just had lunch with a friend.,turnerjohn,2023-01-09 02:40:33,661,401,neutral
942460065575170844,This is the best day ever!,schmittjames,2023-01-09 03:19:28,971,366,positive
540465644702381657,Watching a movie tonight.,evan13,2023-01-09 04:42:43,285,677,neutral
241488076372345849,I hate it when things don't go my way.,ericapalmer,2023-01-09 04:46:44,652,750,negative
259185709836196079,I'm so upset right now.,paul02,2023-01-09 08:03:17,735,877,negative
965984905323727377,Feeling disappointed in myself.,pvega,2023-01-09 11:17:45,0,35,negative
462020101644116552,I'm so upset right now.,jonathancarter,2023-01-09 11:53:58,4,294,negative
868849599349339567,Feeling grateful for my friends and family.,rayjessica,2023-01-09 15:16:40,749,114,positive
576473114065004728,Going for a walk in the park.,kmontoya,2023-01-09 22:26:52,124,434,neutral
150810022636319969,I hate it when things don't go my way.,anthonyliu,2023-01-09 23:09:52,204,10,negative
263799927343822198,Feeling disappointed in myself.,sbrown,2023-01-10 01:05:40,655,877,negative
837847929962656926,Feeling grateful for my friends and family.,fpayne,2023-01-10 02:55:33,752,926,positive
829558023087799813,Just had lunch with a friend.,millerevelyn,2023-01-10 03:30:53,39,261,neutral
889365033266556086,Just had lunch with a friend.,kbaker,2023-01-10 09:48:38,253,404,neutral
238172762798934700,I'm so upset right now.,bwhite,2023-01-10 12:45:29,609,587,negative
622066196195664064,I'm so upset right now.,brandon38,2023-01-10 16:01:58,196,634,negative
168248628398218522,This is the best day ever!,sbell,2023-01-10 20:03:01,509,711,positive
225173791786222354,I love my life!,allisonfreeman,2023-01-10 20:23:03,200,965,positive
895807233587085132,This is the best day ever!,cramirez,2023-01-10 21:40:36,440,159,positive
166436283039240862,Feeling grateful for my friends and family.,thompsonmichelle,2023-01-10 23:27:55,631,669,positive
293210637834668867,I'm so upset right now.,htaylor,2023-01-10 23:53:08,667,166,negative
266511600995915805,Just had lunch with a friend.,michaelgraves,2023-01-11 00:48:32,489,725,neutral
809900053051190623,I'm so upset right now.,andrewfoster,2023-01-11 02:26:51,625,948,negative
550745328521541240,Just had lunch with a friend.,qfisher,2023-01-11 04:09:07,782,378,neutral
247357199518009402,I love my life!,ryanpeter,2023-01-11 05:22:39,334,266,positive
730452581934875347,Feeling grateful for my friends and family.,jareddelgado,2023-01-11 05:52:47,110,23,positive
633641877152748514,I love my life!,amyedwards,2023-01-11 09:26:00,87,342,positive
982676124038359627,I'm so upset right now.,juanmichael,2023-01-11 12:02:29,886,579,negative
541966472944663981,Going for a walk in the park.,watsonmichael,2023-01-11 23:09:02,140,378,neutral
793270969586389836,I hate it when things don't go my way.,gregoryteresa,2023-01-12 02:27:06,560,567,negative
475122491176540875,I'm so upset right now.,jmarsh,2023-01-12 09:06:38,127,456,negative
232464488635375040,Just had lunch with a friend.,dbranch,2023-01-12 10:08:15,440,5,neutral
587930497657202931,I'm so upset right now.,amanda68,2023-01-12 18:03:51,151,841,negative
502411915108967283,Feeling disappointed in myself.,holtkenneth,2023-01-12 20:01:26,831,931,negative
856354043592470762,This is the best day ever!,whitesamantha,2023-01-12 20:55:46,583,829,positive
753395839126698857,This is the best day ever!,howardjessica,2023-01-12 23:44:27,607,904,positive
449211727471646420,Feeling grateful for my friends and family.,werickson,2023-01-13 00:35:08,156,489,positive
124848990724589691,Going for a walk in the park.,qjarvis,2023-01-13 01:02:50,363,557,neutral
439753231648605732,I hate it when things don't go my way.,april08,2023-01-13 02:06:13,895,865,negative
870845059826241078,This is the best day ever!,laurabarnes,2023-01-13 03:09:46,635,164,positive
231367280559424137,This is the best day ever!,ooneal,2023-01-13 09:09:46,86,301,positive
227474907661741451,Going for a walk in the park.,aliciamyers,2023-01-13 10:40:50,278,832,neutral
560107094812045926,I love my life!,kaylamorales,2023-01-13 13:11:09,39,798,positive
292166194843035990,Going for a walk in the park.,david65,2023-01-13 13:16:05,518,258,neutral
989471988951291957,I love my life!,kalvarado,2023-01-13 15:25:17,330,396,positive
799312604876806752,This is the best day ever!,cjennings,2023-01-13 15:48:22,786,925,positive
143595799803652736,Just had lunch with a friend.,schneiderrachel,2023-01-13 21:52:12,949,556,neutral
454866038653439238,Feeling grateful for my friends and family.,hamptonjenna,2023-01-13 23:52:20,317,555,positive
372954927561811488,This is the best day ever!,bentleyallison,2023-01-14 01:45:55,987,143,positive
555977276340891028,I hate it when things don't go my way.,ekeller,2023-01-14 01:51:20,913,14,negative
663322488762426526,I'm so upset right now.,acortez,2023-01-14 04:03:43,445,467,negative
871991858186305037,I'm so upset right now.,nicolemadden,2023-01-14 04:16:38,256,380,negative
981738892582673233,Going for a walk in the park.,fbrown,2023-01-14 15:29:57,884,643,neutral
674144432728819347,This is the best day ever!,liubrenda,2023-01-14 16:14:23,64,278,positive
188071974384350246,I hate it when things don't go my way.,boothstephen,2023-01-14 20:32:23,665,764,negative
858166642948905978,Feeling disappointed in myself.,michellesanders,2023-01-14 23:47:35,622,798,negative
977000751224092258,I hate it when things don't go my way.,jamesgina,2023-01-15 03:03:18,795,124,negative
257666030890531623,I hate it when things don't go my way.,maryalvarado,2023-01-15 04:54:46,1000,166,negative
236034524920094386,Feeling grateful for my friends and family.,smithnicole,2023-01-15 09:13:43,172,757,positive
432298305337416568,This is the best day ever!,nichole30,2023-01-15 10:08:54,226,878,positive
441066682092594552,Feeling disappointed in myself.,ohorton,2023-01-15 15:03:40,846,606,negative
833531267995759114,Just had lunch with a friend.,lcarrillo,2023-01-15 15:07:46,98,764,neutral
743112162190916057,I hate it when things don't go my way.,rodriguezdaniel,2023-01-15 16:30:21,855,636,negative
639451616633278148,I hate it when things don't go my way.,melissahernandez,2023-01-15 16:56:33,399,854,negative
996473106514782707,Just had lunch with a friend.,diazaaron,2023-01-15 18:51:17,636,868,neutral
618121500500416667,I'm so upset right now.,shawnjenkins,2023-01-16 01:10:34,351,409,negative
242289945708296390,Going for a walk in the park.,timothyrose,2023-01-16 01:24:39,757,147,neutral
525609728337212470,I hate it when things don't go my way.,xmiller,2023-01-16 06:10:26,893,354,negative
537525680217540742,I'm so upset right now.,sheri14,2023-01-16 06:26:59,113,402,negative
224952440603216869,Going for a walk in the park.,andreavasquez,2023-01-16 09:43:13,416,736,neutral
837210186062502456,Feeling grateful for my friends and family.,alexis31,2023-01-16 11:42:52,733,101,positive
789475807938916460,Going for a walk in the park.,tylerrichard,2023-01-16 11:56:36,611,218,neutral
523647413602342437,Feeling disappointed in myself.,egilmore,2023-01-16 14:24:12,832,977,negative
220835207988860741,Feeling grateful for my friends and family.,ubarker,2023-01-16 17:50:50,341,460,positive
686674213598177674,Just had lunch with a friend.,nancy85,2023-01-16 18:21:25,469,956,neutral
419498952753073114,Going for a walk in the park.,rfisher,2023-01-16 20:56:10,546,353,neutral
750343468824216412,Feeling grateful for my friends and family.,imiranda,2023-01-17 01:36:55,555,847,positive
592234640619931191,I hate it when things don't go my way.,marilynlee,2023-01-17 04:08:01,562,716,negative
417025389091994441,This is the best day ever!,ronald31,2023-01-17 04:47:53,482,11,positive
537313315561120321,Feeling grateful for my friends and family.,tina22,2023-01-17 06:09:02,181,385,positive
661565311490734353,I love my life!,stephensjohn,2023-01-17 08:40:33,561,666,positive
971487018868293791,Feeling disappointed in myself.,holmesmichelle,2023-01-17 10:30:43,184,632,negative
822827979401882819,This is the best day ever!,angelawalker,2023-01-17 11:03:25,313,985,positive
402394923227477063,Feeling disappointed in myself.,amandaweiss,2023-01-17 12:03:52,870,940,negative
941634907830702317,Feeling disappointed in myself.,stefanietaylor,2023-01-17 13:29:47,31,263,negative
767830148067710875,I hate it when things don't go my way.,butlershannon,2023-01-17 14:00:41,700,530,negative
462119551833060373,I love my life!,patriciahoffman,2023-01-17 15:27:32,335,876,positive
643192012267209915,Feeling grateful for my friends and family.,meganlopez,2023-01-17 17:21:01,563,36,positive
869087891531079618,Feeling grateful for my friends and family.,guerrasara,2023-01-17 18:40:06,730,641,positive
662175716455468178,Feeling grateful for my friends and family.,bobbywalker,2023-01-18 05:24:44,742,961,positive
966630252882031896,Feeling disappointed in myself.,walshashley,2023-01-18 14:25:37,960,126,negative
407838476213078805,Going for a walk in the park.,harriskyle,2023-01-18 16:56:07,813,459,neutral
757787118879592899,I love my life!,marthajones,2023-01-19 00:17:37,365,815,positive
829669440004728078,This is the best day ever!,gblack,2023-01-19 01:34:14,107,754,positive
755185641038243639,Feeling disappointed in myself.,mark99,2023-01-19 03:26:56,111,978,negative
388985183731641951,Feeling grateful for my friends and family.,sgreen,2023-01-19 03:29:40,104,34,positive
975263522043092170,I hate it when things don't go my way.,leslie70,2023-01-19 07:03:13,842,605,negative
344223370400056206,Going for a walk in the park.,bpacheco,2023-01-19 09:03:12,545,269,neutral
523053034587470490,I hate it when things don't go my way.,igomez,2023-01-19 11:00:04,211,676,negative
589769566700004337,I hate it when things don't go my way.,xbrock,2023-01-19 11:45:51,47,52,negative
405987177791912777,I'm so upset right now.,ryan87,2023-01-19 12:11:53,512,885,negative
884573039114871812,I'm so upset right now.,hramirez,2023-01-19 18:38:20,503,984,negative
341519302495939942,Just had lunch with a friend.,prestonchristopher,2023-01-19 22:40:48,388,182,neutral
337248811979196432,I hate it when things don't go my way.,johnvasquez,2023-01-20 01:49:38,890,299,negative
203517964584013646,I love my life!,jamesbutler,2023-01-20 03:33:00,474,525,positive
315313443794942846,I hate it when things don't go my way.,briangarcia,2023-01-20 06:06:02,905,228,negative
499149767755254260,Feeling grateful for my friends and family.,dburke,2023-01-20 07:14:09,982,812,positive
162688159100167851,Watching a movie tonight.,gloriaramirez,2023-01-20 10:50:25,382,677,neutral
323551589908378067,Going for a walk in the park.,jennifer50,2023-01-20 11:45:28,262,15,neutral
906732203952747893,This is the best day ever!,mramirez,2023-01-20 11:52:53,922,811,positive
684043310668277416,Watching a movie tonight.,jenniferjohnson,2023-01-20 12:19:27,351,912,neutral
520719963326330666,Just had lunch with a friend.,jlee,2023-01-20 13:25:13,714,572,neutral
820689670731600553,Going for a walk in the park.,lromero,2023-01-20 16:50:04,339,773,neutral
545957987873242153,Feeling grateful for my friends and family.,arodriguez,2023-01-20 18:58:34,165,34,positive
420941609964495619,I'm so upset right now.,virginiajohnson,2023-01-21 04:10:54,774,353,negative
718185170101054435,I'm so upset right now.,jasoncross,2023-01-21 08:20:01,567,204,negative
834346003868035234,This is the best day ever!,qvaughan,2023-01-21 09:44:29,419,507,positive
971297637699702879,Going for a walk in the park.,mariathomas,2023-01-21 09:49:02,775,18,neutral
277346307806061080,Going for a walk in the park.,ijohnson,2023-01-21 12:35:26,632,837,neutral
598037187532963035,I love my life!,dhansen,2023-01-21 15:58:45,614,241,positive
108450916419759279,I hate it when things don't go my way.,novaksuzanne,2023-01-21 17:12:55,305,225,negative
142689285461439261,I hate it when things don't go my way.,jennifer28,2023-01-21 18:03:41,250,149,negative
387364781662473373,Feeling grateful for my friends and family.,kphillips,2023-01-21 19:15:38,885,867,positive
531766474146621687,I hate it when things don't go my way.,ksimmons,2023-01-21 23:14:24,322,488,negative
288974160825209928,I'm so upset right now.,gomezbryan,2023-01-22 06:31:49,374,630,negative
804606119074566797,Feeling disappointed in myself.,lmurray,2023-01-22 10:58:19,655,481,negative
260609741965869557,I hate it when things don't go my way.,wsimmons,2023-01-22 11:01:14,705,278,negative
916867827212095634,I love my life!,davidbenson,2023-01-22 12:09:39,251,752,positive
525608871867827547,I love my life!,darryl29,2023-01-22 12:10:33,872,710,positive
862792531404259416,Feeling disappointed in myself.,elizabethroberts,2023-01-23 02:01:37,639,593,negative
141581679753103763,Going for a walk in the park.,jameshiggins,2023-01-23 02:09:51,737,891,neutral
789721911850506324,I love my life!,alvaradomatthew,2023-01-23 03:54:54,510,867,positive
619993547937783809,I love my life!,rayrandy,2023-01-23 10:45:10,618,843,positive
742520610643570314,Feeling grateful for my friends and family.,williamsjulie,2023-01-23 12:01:41,160,91,positive
859836797515922281,I hate it when things don't go my way.,sgraham,2023-01-23 15:43:53,547,946,negative
182640300799169115,Just had lunch with a friend.,bruce65,2023-01-23 19:49:49,119,951,neutral
703172630403955703,I love my life!,timothy59,2023-01-23 20:30:49,264,774,positive
410111075163838451,Feeling disappointed in myself.,randywood,2023-01-23 23:27:57,214,869,negative
239105780524138461,Feeling grateful for my friends and family.,christopher04,2023-01-23 23:44:19,926,462,positive
833163538323208228,Just had lunch with a friend.,lross,2023-01-24 07:49:28,334,492,neutral
370183269351518759,Feeling grateful for my friends and family.,benjaminbrock,2023-01-24 09:42:58,598,715,positive
367727195958508873,This is the best day ever!,michaeloliver,2023-01-24 13:53:08,471,890,positive
398361726924686676,Just had lunch with a friend.,chandlershannon,2023-01-24 14:00:16,459,534,neutral
188255574898333847,Just had lunch with a friend.,thompsonmatthew,2023-01-24 14:37:35,180,610,neutral
776023316169815671,I hate it when things don't go my way.,william88,2023-01-24 18:12:37,332,860,negative
478074098387731505,I love my life!,adam71,2023-01-24 19:14:37,327,228,positive
670002100822893078,I hate it when things don't go my way.,xbrown,2023-01-24 21:53:57,679,796,negative
744794394028112163,I hate it when things don't go my way.,uestrada,2023-01-24 23:09:59,106,604,negative
299915931031160172,I'm so upset right now.,tthomas,2023-01-25 02:18:01,881,602,negative
725652602543882505,I'm so upset right now.,fjacobs,2023-01-25 07:44:59,202,732,negative
221939648102498657,I love my life!,crystal88,2023-01-25 08:54:47,843,50,positive
526336696376245881,I'm so upset right now.,danieltran,2023-01-25 12:04:02,7,397,negative
456647252136744496,I hate it when things don't go my way.,ryanwells,2023-01-25 14:48:11,231,207,negative
684119084779743737,Watching a movie tonight.,jessicanguyen,2023-01-25 19:50:31,989,810,neutral
770562778540675629,Going for a walk in the park.,chall,2023-01-25 23:02:07,432,122,neutral
179069399120888546,This is the best day ever!,nicholeosborn,2023-01-26 02:45:54,701,60,positive
695041136932698719,I'm so upset right now.,jfernandez,2023-01-26 06:55:33,166,792,negative
594135232004769024,Just had lunch with a friend.,tonysherman,2023-01-27 04:28:39,385,682,neutral
467470922508273878,I hate it when things don't go my way.,alvaradocindy,2023-01-27 07:47:00,453,141,negative
579791820260585815,Feeling grateful for my friends and family.,frankspencer,2023-01-27 10:45:20,174,104,positive
314053731347928564,I love my life!,christopher95,2023-01-27 10:48:04,427,397,positive
689544404035305652,Feeling disappointed in myself.,christopherjohnson,2023-01-27 15:50:43,126,713,negative
463902436288234121,I love my life!,kendra01,2023-01-27 17:26:25,733,760,positive
637725817728049977,Just had lunch with a friend.,donald37,2023-01-27 22:08:05,913,55,neutral
154448621988984642,Watching a movie tonight.,uroth,2023-01-27 23:52:42,764,830,neutral
454091486591548348,I'm so upset right now.,vicki30,2023-01-28 02:27:15,766,856,negative
644115138276373253,I'm so upset right now.,wlee,2023-01-28 03:36:25,850,756,negative
250464848751217010,I hate it when things don't go my way.,nhayes,2023-01-28 05:03:18,986,932,negative
454870384027583965,Feeling disappointed in myself.,vincentedward,2023-01-28 06:28:56,262,621,negative
341509910899430761,This is the best day ever!,alexanderesparza,2023-01-28 08:40:47,856,400,positive
586642222619249122,This is the best day ever!,marisa46,2023-01-28 13:38:05,690,32,positive
978653383853528582,Just had lunch with a friend.,brownjoseph,2023-01-28 13:54:31,849,61,neutral
163208329249437256,Going for a walk in the park.,hancocktheresa,2023-01-28 16:52:58,580,155,neutral
634998735145723856,I love my life!,marc41,2023-01-28 17:11:52,884,626,positive
592451747860166643,Going for a walk in the park.,matthew13,2023-01-28 18:17:14,976,35,neutral
304312257906282666,Feeling grateful for my friends and family.,sotomonica,2023-01-28 18:55:32,834,926,positive
974719328645765106,This is the best day ever!,awhite,2023-01-28 20:15:08,195,183,positive
163775670157421991,This is the best day ever!,rcoleman,2023-01-28 22:58:54,774,502,positive
129273686087916917,Going for a walk in the park.,ndorsey,2023-01-29 04:21:52,481,540,neutral
620663246681959888,I love my life!,david47,2023-01-29 05:44:11,955,822,positive
715180048127979975,Just had lunch with a friend.,dcochran,2023-01-29 11:04:23,250,517,neutral
940369853472354753,I love my life!,ddavidson,2023-01-29 12:40:30,838,128,positive
782806922074234484,Feeling disappointed in myself.,charleswilson,2023-01-30 01:42:05,890,833,negative
690277067054231497,I love my life!,brownjill,2023-01-30 04:12:55,793,914,positive
502182317846187282,This is the best day ever!,ofuentes,2023-01-30 12:09:51,962,4,positive
208528614600926550,Just had lunch with a friend.,melissa89,2023-01-30 22:36:27,140,119,neutral
160464951077403697,Feeling disappointed in myself.,justinmcdonald,2023-01-31 00:08:55,869,986,negative
473201772433328829,I hate it when things don't go my way.,berrydavid,2023-01-31 02:53:31,416,300,negative
373040746562107411,I love my life!,kenneththomas,2023-01-31 06:16:34,974,586,positive
843899965839994607,I love my life!,alicia89,2023-01-31 12:19:04,920,88,positive
374900617182862794,This is the best day ever!,derek74,2023-01-31 20:35:38,198,130,positive
907083196592371312,Going for a walk in the park.,rcarson,2023-01-31 22:51:49,602,503,neutral
676457545179315306,Going for a walk in the park.,canderson,2023-01-31 22:58:25,17,763,neutral
467476652680074097,Feeling disappointed in myself.,stevenhernandez,2023-01-31 22:58:59,432,555,negative
438247606942835271,This is the best day ever!,nhale,2023-01-31 23:08:52,908,729,positive
573460527024966767,Feeling disappointed in myself.,cblackburn,2023-02-01 00:53:45,624,419,negative
710415511859897422,Watching a movie tonight.,jessicawilkinson,2023-02-01 05:47:05,81,305,neutral
560661582954878310,Feeling grateful for my friends and family.,chambersderrick,2023-02-01 07:09:01,518,282,positive
846111465838929222,Feeling disappointed in myself.,turnerelizabeth,2023-02-01 08:02:00,399,606,negative
293027413540822709,I hate it when things don't go my way.,drobinson,2023-02-01 08:19:05,790,727,negative
615016690945297083,Just had lunch with a friend.,landerson,2023-02-01 08:45:40,595,344,neutral
637177002228199327,I'm so upset right now.,allenfisher,2023-02-01 09:34:02,447,456,negative
977777367247061190,Feeling disappointed in myself.,gordonbrandon,2023-02-01 11:04:12,780,433,negative
641460688824236393,I'm so upset right now.,schroederdonald,2023-02-01 17:15:47,426,535,negative
147687619392014535,I love my life!,martinapril,2023-02-01 18:14:26,112,180,positive
943583189927241074,Going for a walk in the park.,porterrichard,2023-02-01 23:58:08,972,550,neutral
397420879648946766,I hate it when things don't go my way.,vickijenkins,2023-02-02 01:23:08,803,726,negative
960893334260490224,I love my life!,acampbell,2023-02-02 01:30:20,679,703,positive
224639430061407490,Going for a walk in the park.,badams,2023-02-02 06:19:10,782,793,neutral
802310371224177810,Watching a movie tonight.,michael57,2023-02-02 07:01:11,738,522,neutral
399331776684990075,Feeling grateful for my friends and family.,mccarthyregina,2023-02-02 07:09:54,730,407,positive
414565603093732996,Feeling grateful for my friends and family.,debra09,2023-02-02 08:10:35,982,654,positive
768345577432441933,I hate it when things don't go my way.,joshua61,2023-02-02 12:49:34,515,998,negative
332426921643068349,I hate it when things don't go my way.,charles88,2023-02-02 15:51:32,209,671,negative
881445838752923794,Going for a walk in the park.,omcgee,2023-02-02 18:17:30,187,86,neutral
684099235850150906,Feeling grateful for my friends and family.,alexander53,2023-02-02 19:19:53,424,163,positive
679329968230346219,I love my life!,austin65,2023-02-02 20:27:42,341,622,positive
876311852588612239,I'm so upset right now.,sherryferguson,2023-02-02 20:45:24,575,674,negative
100778367528201001,I love my life!,lwhitney,2023-02-02 21:17:51,927,204,positive
996195685116621923,Watching a movie tonight.,jennifer25,2023-02-02 22:49:13,269,625,neutral
354384998128287522,I'm so upset right now.,ernest66,2023-02-02 23:14:44,310,482,negative
748815694815216461,Feeling disappointed in myself.,cmitchell,2023-02-03 00:32:24,984,828,negative
341213461548361361,I hate it when things don't go my way.,michaelirwin,2023-02-03 02:03:50,448,400,negative
354663957809253947,I'm so upset right now.,allisonhopkins,2023-02-03 02:52:22,853,14,negative
875324188495529294,Feeling disappointed in myself.,mcmillanrebecca,2023-02-03 03:11:19,887,27,negative
326742501798557182,Feeling disappointed in myself.,hannahmorrow,2023-02-03 03:55:02,792,818,negative
826986368025300217,I love my life!,horntasha,2023-02-03 05:08:21,192,538,positive
661302400980671227,I'm so upset right now.,payneheather,2023-02-03 06:10:02,173,982,negative
397349677622256014,Going for a walk in the park.,christopherfrench,2023-02-03 13:55:21,836,373,neutral
288230313641412458,Watching a movie tonight.,meganchang,2023-02-03 17:55:59,720,87,neutral
876946336860866826,I'm so upset right now.,bautistadaniel,2023-02-03 23:14:25,702,285,negative
914120441463976817,Feeling grateful for my friends and family.,jamesgregory,2023-02-04 00:39:58,792,556,positive
123466654533418146,I'm so upset right now.,epearson,2023-02-04 09:21:02,302,570,negative
842534723502391386,This is the best day ever!,tlopez,2023-02-04 11:19:14,188,323,positive
893832524666723327,I hate it when things don't go my way.,cjones,2023-02-04 12:21:09,313,649,negative
765060963165933837,Watching a movie tonight.,brucevasquez,2023-02-04 18:52:08,380,676,neutral
829523749847579498,Feeling disappointed in myself.,wmcclure,2023-02-04 20:30:38,574,487,negative
484343155130004588,I hate it when things don't go my way.,corey56,2023-02-05 14:53:38,199,438,negative
426011569160028741,I hate it when things don't go my way.,calvin13,2023-02-05 18:25:19,745,971,negative
697603487018383303,This is the best day ever!,ryan25,2023-02-05 19:57:01,182,854,positive
453817947262680741,Feeling grateful for my friends and family.,andrea84,2023-02-05 20:39:10,591,302,positive
117615852385740214,I hate it when things don't go my way.,timothy83,2023-02-05 21:49:06,106,824,negative
840186659265556094,Feeling grateful for my friends and family.,travisstone,2023-02-05 22:20:23,916,834,positive
974798840041746394,Feeling grateful for my friends and family.,wmartin,2023-02-06 02:37:01,79,33,positive
499304853839914771,I'm so upset right now.,dneal,2023-02-06 04:04:03,550,845,negative
285243815338265018,Going for a walk in the park.,tmorales,2023-02-06 05:14:31,175,249,neutral
650114627087487654,This is the best day ever!,angela59,2023-02-06 08:21:45,307,761,positive
445909472130320485,This is the best day ever!,srasmussen,2023-02-06 13:15:46,534,448,positive
735804721548310832,Going for a walk in the park.,jack38,2023-02-06 13:39:30,928,489,neutral
501618473730015829,I love my life!,david69,2023-02-06 14:41:34,185,995,positive
835285742498517241,Going for a walk in the park.,anthonyglass,2023-02-06 14:46:38,464,630,neutral
631471275563224670,Feeling grateful for my friends and family.,oflynn,2023-02-06 18:56:46,418,962,positive
963989380817339835,I hate it when things don't go my way.,alexa16,2023-02-06 23:07:55,483,134,negative
782879142073428975,I hate it when things don't go my way.,jaclynhenry,2023-02-07 11:07:43,976,491,negative
148495384413166683,I love my life!,annacruz,2023-02-07 13:53:24,263,132,positive
943865605761153204,I love my life!,benjamin18,2023-02-07 19:03:53,331,2,positive
832793789740842389,Going for a walk in the park.,qjennings,2023-02-07 19:19:09,746,996,neutral
263718438562872833,I'm so upset right now.,snyderedward,2023-02-07 20:02:47,513,325,negative
917729578557385699,I hate it when things don't go my way.,timothyduncan,2023-02-07 22:13:37,21,310,negative
373091356465647978,I'm so upset right now.,agarcia,2023-02-08 00:19:25,665,688,negative
847016106816652754,Watching a movie tonight.,gracebuckley,2023-02-08 06:23:51,372,789,neutral
112896178149385247,Feeling grateful for my friends and family.,russell89,2023-02-08 08:05:00,114,667,positive
154957093289553695,Watching a movie tonight.,madison13,2023-02-08 08:10:48,195,155,neutral
579679913084217778,I love my life!,reesealejandro,2023-02-08 10:23:30,622,327,positive
440628187248632761,Going for a walk in the park.,tpeterson,2023-02-08 10:35:19,376,229,neutral
962037515917269483,I love my life!,jeanettesingleton,2023-02-08 18:55:38,814,558,positive
925027607760945678,Going for a walk in the park.,rmartin,2023-02-08 22:13:40,745,108,neutral
533653436354902095,Just had lunch with a friend.,smithsarah,2023-02-08 23:02:39,45,422,neutral
881889665527534459,Feeling disappointed in myself.,donwebb,2023-02-09 02:15:35,272,895,negative
714265709067383568,Feeling disappointed in myself.,igarcia,2023-02-09 06:02:51,899,332,negative
889531042004382851,I'm so upset right now.,amber56,2023-02-09 06:08:14,973,179,negative
677536429689167393,Feeling grateful for my friends and family.,peterbowers,2023-02-09 06:23:00,264,494,positive
674750468135750054,I hate it when things don't go my way.,lawrencebauer,2023-02-09 07:14:24,388,881,negative
606602822162386876,Feeling disappointed in myself.,ngreen,2023-02-09 07:32:16,762,580,negative
706346416824266853,Just had lunch with a friend.,wwilliamson,2023-02-09 07:54:27,57,92,neutral
587612823275706397,I hate it when things don't go my way.,lelliott,2023-02-09 09:39:16,738,485,negative
786669157877502296,Feeling grateful for my friends and family.,scottpeterson,2023-02-09 09:53:29,123,177,positive
328458397604928881,Just had lunch with a friend.,abigail59,2023-02-09 14:38:56,389,675,neutral
898681519508805134,Watching a movie tonight.,christian80,2023-02-09 17:40:15,965,129,neutral
501542064572262931,Feeling grateful for my friends and family.,diana11,2023-02-09 22:50:01,571,441,positive
832786661542520277,I hate it when things don't go my way.,harold44,2023-02-09 23:10:00,659,305,negative
708606415322602671,I'm so upset right now.,youngangela,2023-02-10 00:22:33,905,360,negative
134067851330124888,I hate it when things don't go my way.,robertwashington,2023-02-10 01:10:55,267,610,negative
433812342440304676,This is the best day ever!,donnayoung,2023-02-10 02:26:28,327,339,positive
959737496788138714,I love my life!,joy51,2023-02-10 02:27:42,379,746,positive
299024742835555361,This is the best day ever!,clarkjessica,2023-02-10 02:40:50,328,885,positive
949300088094652054,Feeling disappointed in myself.,andrew43,2023-02-10 05:00:07,597,148,negative
475622739409688274,Feeling disappointed in myself.,ramireztiffany,2023-02-10 17:28:05,476,451,negative
569957695729104938,Watching a movie tonight.,tramos,2023-02-10 19:06:11,218,52,neutral
796289410422513300,I hate it when things don't go my way.,bschaefer,2023-02-10 20:41:34,712,48,negative
514520127849290329,Feeling disappointed in myself.,breannaspencer,2023-02-10 20:59:20,258,610,negative
970163402429359326,I hate it when things don't go my way.,christopher96,2023-02-10 23:20:39,181,687,negative
648757443470510984,Feeling grateful for my friends and family.,hdavis,2023-02-10 23:45:49,45,76,positive
460404822383686430,Watching a movie tonight.,tracy69,2023-02-11 00:15:14,919,18,neutral
498034772443616052,Feeling disappointed in myself.,jameswilson,2023-02-11 00:40:08,22,291,negative
762547362044552693,I hate it when things don't go my way.,qcooke,2023-02-11 04:49:18,619,242,negative
645225588744806046,I hate it when things don't go my way.,jennifer36,2023-02-11 16:33:38,356,576,negative
467115074820034203,I'm so upset right now.,matthewswhitney,2023-02-11 18:34:23,830,114,negative
352305865978602139,Feeling disappointed in myself.,uwright,2023-02-11 20:09:54,13,337,negative
679294942457393877,Feeling grateful for my friends and family.,oholland,2023-02-12 01:28:17,674,986,positive
293529876531176783,Just had lunch with a friend.,townsendrhonda,2023-02-12 01:55:56,289,17,neutral
894141616900772039,Feeling disappointed in myself.,wrightdominique,2023-02-12 03:49:38,818,326,negative
165098213655018169,I love my life!,johnsonstephen,2023-02-12 06:12:01,56,620,positive
937328069515669676,I love my life!,tscott,2023-02-12 07:38:28,460,247,positive
636530882603202285,Feeling grateful for my friends and family.,greenjohn,2023-02-12 11:41:51,743,934,positive
854548628318299167,Going for a walk in the park.,johnsonallen,2023-02-12 14:42:33,490,585,neutral
102099316576635328,This is the best day ever!,dianesmith,2023-02-12 15:33:34,749,426,positive
538231011401877904,I love my life!,englishalbert,2023-02-12 18:34:12,661,329,positive
311955157582361639,Feeling disappointed in myself.,vstark,2023-02-12 18:55:54,891,854,negative
727972566019680158,I hate it when things don't go my way.,tiffany79,2023-02-12 20:19:22,781,884,negative
960912944066260651,Feeling disappointed in myself.,mary25,2023-02-12 21:56:31,515,413,negative
305572535975963352,Watching a movie tonight.,natalie12,2023-02-12 23:49:40,415,476,neutral
712575475779560710,Just had lunch with a friend.,mary04,2023-02-12 23:54:39,875,1,neutral
890648314582361195,This is the best day ever!,coryarnold,2023-02-13 03:39:33,221,693,positive
652353605997454228,Feeling grateful for my friends and family.,pglover,2023-02-13 10:57:17,280,634,positive
931451991891528546,Just had lunch with a friend.,timothy36,2023-02-13 12:30:02,888,810,neutral
658838393881589109,This is the best day ever!,christopherporter,2023-02-13 13:30:40,449,536,positive
117185747854291890,I'm so upset right now.,mark56,2023-02-13 16:20:18,381,348,negative
842478012193833722,Watching a movie tonight.,andrewmiller,2023-02-13 17:26:24,365,358,neutral
391840790878502292,Feeling grateful for my friends and family.,briggspatrick,2023-02-13 17:38:35,52,492,positive
148588413535805807,I love my life!,adam47,2023-02-13 18:38:23,447,685,positive
188717049449503663,Feeling grateful for my friends and family.,josephramos,2023-02-13 23:01:30,838,803,positive
988228692647136801,I'm so upset right now.,williamssherri,2023-02-13 23:46:57,516,975,negative
467196394435811897,Feeling disappointed in myself.,fwilson,2023-02-14 04:14:02,354,914,negative
710993217167262940,Going for a walk in the park.,lewismathew,2023-02-14 13:21:21,420,470,neutral
819285813474514099,Watching a movie tonight.,cwebb,2023-02-14 14:29:38,461,415,neutral
622538584112480616,I love my life!,mhernandez,2023-02-14 16:09:54,839,713,positive
699080702108679409,Just had lunch with a friend.,rclark,2023-02-14 19:21:52,328,33,neutral
345015054176317383,I love my life!,alexandraallen,2023-02-14 20:07:00,263,230,positive
679737287791302586,I hate it when things don't go my way.,rhodges,2023-02-15 11:39:25,562,409,negative
956096840136506024,I'm so upset right now.,portermark,2023-02-15 12:10:20,382,298,negative
908897123924818479,This is the best day ever!,amckinney,2023-02-15 13:37:35,379,422,positive
843382569442491928,Feeling disappointed in myself.,danielspatricia,2023-02-15 16:06:36,71,792,negative
519036665081652813,Going for a walk in the park.,jennybutler,2023-02-16 06:24:30,223,788,neutral
133048667720805742,Feeling grateful for my friends and family.,jward,2023-02-16 07:44:31,769,269,positive
689682750793565798,Feeling disappointed in myself.,patrickpatel,2023-02-16 08:30:27,808,949,negative
313669631093548046,This is the best day ever!,scook,2023-02-16 11:21:09,907,622,positive
310832653837715605,I'm so upset right now.,christineponce,2023-02-16 12:18:21,781,438,negative
429382279345014854,Watching a movie tonight.,thomasmckee,2023-02-16 17:33:01,279,41,neutral
158295440336708485,I'm so upset right now.,jason43,2023-02-16 19:43:54,260,376,negative
759045854527892526,Just had lunch with a friend.,xadkins,2023-02-16 23:02:15,640,649,neutral
374948036937218484,I love my life!,perezsamantha,2023-02-17 04:21:57,782,878,positive
143929880290919776,Feeling grateful for my friends and family.,daviddean,2023-02-17 06:40:29,59,355,positive
776765154260248110,I'm so upset right now.,honicholas,2023-02-17 17:02:25,897,455,negative
470988206187373667,Feeling grateful for my friends and family.,jcrawford,2023-02-17 22:23:25,219,99,positive
238151290791082852,This is the best day ever!,romerowhitney,2023-02-18 06:28:41,978,462,positive
778415943203718436,Feeling disappointed in myself.,yhubbard,2023-02-18 07:54:22,833,768,negative
444401490432076272,Just had lunch with a friend.,milleramy,2023-02-18 07:57:29,707,16,neutral
691549078276103895,Going for a walk in the park.,dunlapronald,2023-02-18 13:00:46,516,909,neutral
236330277690960761,This is the best day ever!,tracy83,2023-02-18 13:22:58,678,284,positive
117779197172837004,Feeling disappointed in myself.,teresa81,2023-02-18 16:11:14,442,380,negative
795449668890308076,Feeling disappointed in myself.,amyfisher,2023-02-18 16:19:49,331,233,negative
786377126065788283,I'm so upset right now.,tiffany76,2023-02-18 19:45:24,694,987,negative
256404341775050069,Feeling disappointed in myself.,marcus44,2023-02-19 00:15:59,214,342,negative
654515174416411427,I'm so upset right now.,zlee,2023-02-19 07:09:57,796,716,negative
813795311327027634,I'm so upset right now.,jpalmer,2023-02-19 07:11:18,672,534,negative
420287883370769023,This is the best day ever!,gutierrezkathryn,2023-02-19 10:27:33,151,212,positive
936427445912848063,Going for a walk in the park.,tcarr,2023-02-19 12:32:27,200,351,neutral
965983995853498522,Watching a movie tonight.,brownalan,2023-02-19 13:37:53,197,423,neutral
811981425613284599,Watching a movie tonight.,jcurry,2023-02-19 15:00:29,40,760,neutral
865622444622639564,I hate it when things don't go my way.,diane55,2023-02-19 15:36:19,580,15,negative
197162158688857940,Going for a walk in the park.,sandra67,2023-02-19 15:50:39,353,911,neutral
635324963312825363,Feeling grateful for my friends and family.,espinozaemily,2023-02-19 18:43:58,624,839,positive
138415862983487977,I love my life!,murphydarrell,2023-02-19 18:54:43,884,898,positive
435863255559748885,I love my life!,mark02,2023-02-19 20:09:43,674,954,positive
728582147135909983,I hate it when things don't go my way.,reillytanner,2023-02-19 22:27:01,61,467,negative
828901303654097993,I love my life!,miguelscott,2023-02-19 22:46:21,253,772,positive
538001904280121421,Going for a walk in the park.,gabriellepoole,2023-02-20 01:16:17,431,891,neutral
262830474355148672,Going for a walk in the park.,katiewells,2023-02-20 02:13:12,973,1000,neutral
210334929367654862,This is the best day ever!,mcintoshmatthew,2023-02-20 03:27:20,108,229,positive
387794412340347267,I hate it when things don't go my way.,ualexander,2023-02-20 03:42:40,840,286,negative
804648453402778473,I love my life!,angie66,2023-02-20 04:51:32,681,758,positive
144801050270261786,I'm so upset right now.,brownpatrick,2023-02-20 07:27:20,118,782,negative
950499813971365108,Watching a movie tonight.,dwayne02,2023-02-20 07:53:29,936,849,neutral
995072731700784652,Feeling disappointed in myself.,alexandersimpson,2023-02-20 12:32:33,931,687,negative
472011500255631869,I hate it when things don't go my way.,hernandezelizabeth,2023-02-20 14:12:33,840,307,negative
606375854395746858,I love my life!,ugolden,2023-02-20 18:52:30,209,584,positive
690502964971585094,Feeling disappointed in myself.,ferrellgabriel,2023-02-20 19:23:40,417,565,negative
594352757330510775,Feeling disappointed in myself.,amiller,2023-02-20 19:37:42,609,337,negative
595745146767040551,Feeling disappointed in myself.,cartercharles,2023-02-20 23:25:28,81,109,negative
677449678423090954,Just had lunch with a friend.,sara77,2023-02-21 07:01:27,422,832,neutral
289704890880911681,This is the best day ever!,jfields,2023-02-21 10:32:25,619,435,positive
753861713484567912,I hate it when things don't go my way.,garciaashley,2023-02-21 14:03:53,835,719,negative
176110166275158605,I'm so upset right now.,ewhite,2023-02-21 16:33:04,80,53,negative
325127386915441790,I love my life!,elliskristy,2023-02-21 16:57:51,573,855,positive
342281837853146024,Feeling grateful for my friends and family.,tammy32,2023-02-21 18:53:16,270,242,positive
948745955244918061,I'm so upset right now.,evansrebecca,2023-02-21 23:20:32,329,121,negative
420105475933321035,Watching a movie tonight.,burkepaul,2023-02-22 02:25:22,514,313,neutral
718859411182149778,I'm so upset right now.,james10,2023-02-22 04:35:19,926,441,negative
766655633864312410,I hate it when things don't go my way.,jeremywilson,2023-02-22 12:12:51,132,508,negative
401666725459552483,I love my life!,annette01,2023-02-22 15:57:38,298,136,positive
550892893360897328,Feeling grateful for my friends and family.,cardenastaylor,2023-02-22 18:44:04,66,665,positive
878166405796086273,I'm so upset right now.,murphytimothy,2023-02-23 02:59:59,682,728,negative
185395635166253938,I hate it when things don't go my way.,christina24,2023-02-23 08:47:15,508,875,negative
743305674344081440,I hate it when things don't go my way.,rmurphy,2023-02-23 09:01:01,241,99,negative
838890375431613146,I love my life!,qnewton,2023-02-23 09:29:03,194,850,positive
429322366264023221,I love my life!,lwright,2023-02-23 09:47:39,820,821,positive
760513107144471690,I hate it when things don't go my way.,tiffany49,2023-02-23 09:52:15,441,795,negative
625892994894682982,Watching a movie tonight.,danielwatson,2023-02-23 13:48:01,830,413,neutral
342320275426315207,I'm so upset right now.,fgonzalez,2023-02-23 16:35:44,164,522,negative
912423943468245250,Feeling grateful for my friends and family.,bonnielloyd,2023-02-23 20:00:46,781,47,positive
120842832644129685,Feeling grateful for my friends and family.,mdavenport,2023-02-23 20:17:02,709,959,positive
865029379224642253,Watching a movie tonight.,nathanbrown,2023-02-24 00:19:38,148,899,neutral
946006976269599417,Watching a movie tonight.,nicolethornton,2023-02-24 01:25:54,121,626,neutral
920215654745590207,I hate it when things don't go my way.,peggy44,2023-02-24 09:26:01,668,282,negative
952453705258869867,Watching a movie tonight.,haroldwebb,2023-02-24 10:06:19,352,823,neutral
424107476706088131,I love my life!,ebullock,2023-02-24 10:24:10,725,823,positive
960785335942456853,I'm so upset right now.,jennifermadden,2023-02-24 11:52:56,42,423,negative
854084722866251643,Feeling disappointed in myself.,sosawhitney,2023-02-24 16:11:51,724,815,negative
569781813748514024,I love my life!,jennifertucker,2023-02-24 16:14:19,689,852,positive
190486724280763010,Feeling disappointed in myself.,dianawalker,2023-02-24 20:28:00,83,475,negative
910742649361712284,Feeling grateful for my friends and family.,karenthompson,2023-02-25 00:18:39,778,994,positive
662452098664103309,Just had lunch with a friend.,saracooper,2023-02-25 01:05:38,362,332,neutral
269758564372433217,Watching a movie tonight.,xgomez,2023-02-25 03:03:03,418,958,neutral
930426186311618410,I love my life!,taylorgriffin,2023-02-25 10:19:57,493,933,positive
577670607012334792,Watching a movie tonight.,gibsonmichael,2023-02-25 12:08:57,405,810,neutral
314934540306627546,I hate it when things don't go my way.,nlivingston,2023-02-25 12:54:05,953,331,negative
564225126833741178,I hate it when things don't go my way.,brianmartinez,2023-02-25 13:36:46,423,757,negative
529181142216998386,I'm so upset right now.,sross,2023-02-25 14:57:35,70,347,negative
727530724335213260,Feeling disappointed in myself.,josephjohnson,2023-02-25 17:27:03,749,276,negative
264451780925255009,Watching a movie tonight.,jcole,2023-02-26 01:52:34,311,498,neutral
570955932996900835,I'm so upset right now.,lopezjames,2023-02-26 04:20:15,143,551,negative
850072311581603171,I'm so upset right now.,aliceramos,2023-02-26 06:01:53,594,58,negative
648572606172524469,Feeling disappointed in myself.,jbest,2023-02-26 07:37:22,979,354,negative
818590365574452602,I hate it when things don't go my way.,pstephens,2023-02-26 13:44:11,410,489,negative
752866106761370471,Just had lunch with a friend.,amy09,2023-02-26 13:58:42,142,844,neutral
757593201004450331,Feeling disappointed in myself.,laura06,2023-02-26 16:11:56,684,737,negative
435514710725466372,I love my life!,mckinneylauren,2023-02-26 20:55:15,341,119,positive
695846187994499721,Watching a movie tonight.,christineorozco,2023-02-26 22:32:16,988,875,neutral
154496829050685343,I hate it when things don't go my way.,barronjill,2023-02-27 03:10:05,675,811,negative
781557851732246004,Watching a movie tonight.,qbarnes,2023-02-27 03:37:52,885,29,neutral
980407771035757600,I'm so upset right now.,dustinhernandez,2023-02-27 13:50:59,130,748,negative
921246086519059275,I'm so upset right now.,keith96,2023-02-27 17:59:24,33,777,negative
664560565317883757,This is the best day ever!,diana13,2023-02-28 01:57:21,919,95,positive
888360491501223330,Going for a walk in the park.,cartermegan,2023-02-28 03:22:38,827,824,neutral
233136508070266257,I hate it when things don't go my way.,smithashley,2023-02-28 04:36:24,32,133,negative
859726107390311299,This is the best day ever!,gerald07,2023-02-28 06:55:54,255,567,positive
922693932650879875,Just had lunch with a friend.,wareolivia,2023-02-28 09:19:01,938,333,neutral
972930617855619713,This is the best day ever!,ronnie36,2023-02-28 10:01:49,640,322,positive
667867729952438095,Feeling disappointed in myself.,rebecca05,2023-02-28 11:13:56,255,716,negative
699515551817103014,Feeling disappointed in myself.,deborahbryant,2023-02-28 13:35:19,189,552,negative
482987958508333130,I'm so upset right now.,angela46,2023-02-28 14:06:33,163,307,negative
734753801597689978,Feeling grateful for my friends and family.,maryhopkins,2023-02-28 17:18:38,353,6,positive
674634465278505036,Going for a walk in the park.,murphytina,2023-02-28 20:37:43,761,984,neutral
548326080802327733,I'm so upset right now.,williampeterson,2023-02-28 23:25:32,978,705,negative
342589526754894351,Feeling disappointed in myself.,bryanclark,2023-03-01 07:38:17,399,900,negative
847440810487838385,Just had lunch with a friend.,howardalexis,2023-03-01 10:05:22,896,982,neutral
224674464839622959,I'm so upset right now.,codyriley,2023-03-01 16:00:49,127,820,negative
235741944065588734,I hate it when things don't go my way.,flemingmariah,2023-03-01 19:16:22,816,49,negative
178989109430273418,I love my life!,audrey25,2023-03-01 21:01:10,287,287,positive
277659028938788322,I hate it when things don't go my way.,tblankenship,2023-03-01 22:38:09,958,112,negative
700052543101154118,I hate it when things don't go my way.,ccross,2023-03-01 23:27:22,163,134,negative
270785828092843475,Watching a movie tonight.,victor70,2023-03-01 23:34:22,105,208,neutral
298441177244182485,Going for a walk in the park.,maureen30,2023-03-02 00:34:12,748,22,neutral
526977589288090258,I'm so upset right now.,bguerra,2023-03-02 00:35:24,540,364,negative
594472789464313662,This is the best day ever!,dakota58,2023-03-02 04:28:01,29,968,positive
301478589960569722,I hate it when things don't go my way.,brittany01,2023-03-02 07:31:57,352,974,negative
667619818650949231,Feeling disappointed in myself.,jameshuang,2023-03-02 09:30:26,616,652,negative
613668589078455278,I hate it when things don't go my way.,vbrown,2023-03-02 11:55:46,898,498,negative
503356421031684109,I hate it when things don't go my way.,barneskathleen,2023-03-02 19:57:22,941,387,negative
472554736574834719,Watching a movie tonight.,steven77,2023-03-02 21:43:13,940,226,neutral
371721855405932211,I hate it when things don't go my way.,taylortravis,2023-03-03 01:35:06,151,879,negative
889051837333847567,Watching a movie tonight.,swang,2023-03-03 02:07:02,53,268,neutral
585365876642849555,I'm so upset right now.,brittany75,2023-03-03 04:25:55,94,725,negative
513572985601595230,Feeling grateful for my friends and family.,slevy,2023-03-03 05:15:06,418,812,positive
319159033677188627,I hate it when things don't go my way.,wallermichael,2023-03-03 10:30:59,134,176,negative
630416516762351021,I'm so upset right now.,robert26,2023-03-03 14:32:45,54,629,negative
950688399334108248,I hate it when things don't go my way.,olsonmolly,2023-03-03 20:56:33,660,848,negative
605310121150571580,Watching a movie tonight.,wilkersoncarlos,2023-03-03 23:44:43,704,222,neutral
288924837913976345,Feeling grateful for my friends and family.,chambersmichelle,2023-03-04 01:10:22,699,643,positive
219687369055133592,Feeling disappointed in myself.,yanderson,2023-03-04 03:00:55,955,26,negative
293189750208222247,I love my life!,jacksonjordan,2023-03-04 03:31:13,483,394,positive
461579962777810516,This is the best day ever!,huffedward,2023-03-04 07:08:42,805,453,positive
431879483456142361,Feeling disappointed in myself.,wallacejennifer,2023-03-04 14:45:22,935,151,negative
504383004431223051,I'm so upset right now.,lewischad,2023-03-04 22:06:11,754,152,negative
129881721112263008,I hate it when things don't go my way.,shannonchapman,2023-03-04 22:07:12,401,635,negative
242972600651600626,Watching a movie tonight.,mannjames,2023-03-04 22:53:28,85,893,neutral
586625216861600601,I love my life!,michael71,2023-03-05 00:26:27,659,616,positive
906706029755799403,Going for a walk in the park.,angela42,2023-03-05 01:44:15,407,508,neutral
376059509814677292,Feeling disappointed in myself.,mollypoole,2023-03-05 04:23:08,121,727,negative
895161080336694710,Watching a movie tonight.,browntrevor,2023-03-05 10:03:40,197,986,neutral
569789795663953573,I hate it when things don't go my way.,mooretheresa,2023-03-05 11:31:46,278,831,negative
358643348910237407,I love my life!,ywhite,2023-03-05 15:40:48,634,396,positive
552849015735944649,This is the best day ever!,patrickphillips,2023-03-05 15:49:08,64,427,positive
771350938071812499,Just had lunch with a friend.,mmorris,2023-03-05 19:01:21,15,345,neutral
493191763544455367,Just had lunch with a friend.,sethallen,2023-03-05 21:53:08,695,22,neutral
599623519358407300,I love my life!,mkeller,2023-03-06 03:56:50,162,432,positive
430628045652496255,I'm so upset right now.,ehines,2023-03-06 07:12:58,277,633,negative
654450931708770796,Watching a movie tonight.,gbradley,2023-03-06 07:48:49,645,289,neutral
721854821893021568,I hate it when things don't go my way.,christopher11,2023-03-06 09:17:30,89,122,negative
981180012663193599,Going for a walk in the park.,thomasjessica,2023-03-06 10:09:47,655,144,neutral
634500157584066129,I love my life!,eparker,2023-03-06 20:30:32,825,617,positive
222809280741081430,Watching a movie tonight.,catherineolson,2023-03-07 04:03:04,421,994,neutral
299211694063558499,Feeling grateful for my friends and family.,emorgan,2023-03-07 07:22:49,871,790,positive
752480873637484936,I hate it when things don't go my way.,jenniferkeller,2023-03-07 16:34:49,360,959,negative
849605130576938974,This is the best day ever!,wilsonlaura,2023-03-07 17:03:40,861,562,positive
670071393562500243,Just had lunch with a friend.,nathanmartin,2023-03-07 18:01:26,474,303,neutral
244059475851547989,I hate it when things don't go my way.,ujones,2023-03-07 19:14:14,104,893,negative
278126826450395012,Going for a walk in the park.,baileyrhonda,2023-03-07 19:14:51,370,398,neutral
460496113497785928,I hate it when things don't go my way.,christy95,2023-03-07 22:32:44,354,191,negative
537660097372647657,This is the best day ever!,dwaynemorris,2023-03-07 23:12:37,707,891,positive
782963852618723813,Feeling disappointed in myself.,deborahmclaughlin,2023-03-08 00:19:01,780,833,negative
929236965978571410,This is the best day ever!,bmatthews,2023-03-08 04:12:09,344,24,positive
853116615251166076,Feeling grateful for my friends and family.,tsims,2023-03-08 05:51:50,717,559,positive
161237778467765136,I'm so upset right now.,gary99,2023-03-08 06:21:27,144,344,negative
966366146192109165,I'm so upset right now.,hollyflores,2023-03-08 11:29:25,317,179,negative
542336804858164500,Feeling disappointed in myself.,brownmelissa,2023-03-08 12:21:12,24,150,negative
618445937125068998,I'm so upset right now.,larsontaylor,2023-03-08 15:09:27,776,666,negative
971889272655848064,Just had lunch with a friend.,johnfischer,2023-03-08 16:04:38,649,349,neutral
173371230409626534,Watching a movie tonight.,brian97,2023-03-08 16:07:12,516,162,neutral
556490820518485155,Going for a walk in the park.,hollandmelissa,2023-03-08 21:20:49,719,72,neutral
892031561601332732,Watching a movie tonight.,smithlinda,2023-03-09 03:46:18,874,851,neutral
505994129528089220,I'm so upset right now.,brian63,2023-03-09 04:01:30,727,771,negative
932822281262415869,Feeling disappointed in myself.,youngfrancisco,2023-03-09 09:44:12,946,142,negative
582027305999201340,Feeling grateful for my friends and family.,marksandoval,2023-03-09 12:32:54,84,263,positive
587079081377006667,Feeling grateful for my friends and family.,watsonshannon,2023-03-09 16:02:44,80,2,positive
469554905040329828,Going for a walk in the park.,skinnerelizabeth,2023-03-09 18:48:33,474,971,neutral
251157901289905364,Feeling disappointed in myself.,donna03,2023-03-09 19:05:27,318,28,negative
483156771584589279,This is the best day ever!,vroberts,2023-03-09 21:30:00,946,933,positive
753548697363862850,I love my life!,zrichardson,2023-03-09 22:49:27,935,332,positive
104278677113008329,Watching a movie tonight.,anthony54,2023-03-10 05:00:06,103,346,neutral
162924154811667406,This is the best day ever!,eelliott,2023-03-10 05:20:48,535,928,positive
473710635762978623,Just had lunch with a friend.,cholmes,2023-03-10 06:07:06,130,273,neutral
502242451728952175,Feeling grateful for my friends and family.,webbkerri,2023-03-10 06:42:48,624,647,positive
630588279728813170,I'm so upset right now.,robinperry,2023-03-10 14:20:17,886,878,negative
364239738972074732,I love my life!,steven80,2023-03-10 14:30:52,154,546,positive
366356539942094605,I love my life!,ggeorge,2023-03-10 16:18:10,42,51,positive
298196813850953423,This is the best day ever!,omontoya,2023-03-10 23:20:06,665,283,positive
870208977094855910,I'm so upset right now.,ibradshaw,2023-03-11 08:54:26,792,693,negative
293284859620840681,Going for a walk in the park.,jeremy16,2023-03-11 10:04:43,666,311,neutral
703756046641971386,Going for a walk in the park.,josephcain,2023-03-11 17:25:10,382,350,neutral
176820862543438388,Feeling disappointed in myself.,coletheodore,2023-03-11 19:05:34,876,436,negative
267424924325750761,Going for a walk in the park.,ruben11,2023-03-11 21:05:34,922,223,neutral
996180961746399043,Feeling grateful for my friends and family.,gcollins,2023-03-12 00:36:27,309,625,positive
483780517542538092,Feeling grateful for my friends and family.,katelynsimmons,2023-03-12 12:10:05,946,443,positive
553879041336675424,Feeling disappointed in myself.,wilsonrandall,2023-03-12 14:35:32,956,136,negative
302190816575566415,I hate it when things don't go my way.,harrisrobert,2023-03-12 14:36:25,527,720,negative
147949549475915534,This is the best day ever!,orobinson,2023-03-12 14:42:19,303,943,positive
836478588512874419,Watching a movie tonight.,maryjohnson,2023-03-12 16:34:24,27,650,neutral
896715108284846135,Feeling grateful for my friends and family.,johnsonbilly,2023-03-12 19:52:08,217,967,positive
486157662628819679,I'm so upset right now.,qabbott,2023-03-12 22:24:01,975,741,negative
767544007751341052,Just had lunch with a friend.,wesley31,2023-03-13 07:26:06,647,212,neutral
539745501309840378,I hate it when things don't go my way.,xdaniels,2023-03-13 15:09:52,176,668,negative
646814964069601869,Watching a movie tonight.,morrisondaniel,2023-03-14 04:14:09,339,308,neutral
539121077017897047,This is the best day ever!,williamsrobin,2023-03-14 06:11:01,235,598,positive
464922686946227670,I hate it when things don't go my way.,caguirre,2023-03-14 07:49:34,303,407,negative
298019429103177898,I love my life!,qday,2023-03-14 08:19:12,219,262,positive
842696324045198174,This is the best day ever!,amandahernandez,2023-03-14 09:32:18,725,223,positive
224270986362230522,Feeling disappointed in myself.,marilynjuarez,2023-03-14 11:55:29,481,173,negative
623474432954054250,Feeling grateful for my friends and family.,frankholloway,2023-03-14 15:33:49,363,402,positive
757285806804886074,Feeling disappointed in myself.,tkeller,2023-03-14 21:22:04,683,534,negative
735195476422297653,Feeling disappointed in myself.,ferrelljoseph,2023-03-14 22:28:44,847,386,negative
754219991030595441,This is the best day ever!,kayleerodgers,2023-03-15 04:09:58,822,93,positive
286103398553215103,I'm so upset right now.,christinemccarty,2023-03-15 04:14:58,101,313,negative
626035981653023468,I'm so upset right now.,jacquelinekirby,2023-03-15 16:17:06,631,648,negative
286270745706609806,I hate it when things don't go my way.,deanshelly,2023-03-15 21:44:29,179,177,negative
501087324067055423,Feeling disappointed in myself.,sextondavid,2023-03-16 01:08:10,198,544,negative
132493925783720739,I'm so upset right now.,katherine00,2023-03-16 05:32:28,548,358,negative
105706424522462120,Just had lunch with a friend.,cheryljones,2023-03-16 05:39:01,933,925,neutral
783586177838386616,Going for a walk in the park.,lindsay98,2023-03-16 06:15:00,203,384,neutral
139259858103677472,This is the best day ever!,cannonnancy,2023-03-16 06:51:33,845,183,positive
216460991911196783,Just had lunch with a friend.,sharon32,2023-03-16 10:10:55,904,35,neutral
539607290474980302,I hate it when things don't go my way.,shannon79,2023-03-16 11:01:07,512,325,negative
878596199095863197,I hate it when things don't go my way.,gracemills,2023-03-16 12:49:55,541,90,negative
770872882130682475,Going for a walk in the park.,tiffany07,2023-03-16 13:02:44,421,378,neutral
188235843346513894,I love my life!,vturner,2023-03-16 22:46:46,647,286,positive
197169792249866745,Just had lunch with a friend.,rpetersen,2023-03-17 06:01:10,664,970,neutral
180837257134630224,Just had lunch with a friend.,dperez,2023-03-17 06:03:37,554,89,neutral
241623664987816930,I'm so upset right now.,joshuapowell,2023-03-17 09:59:03,737,253,negative
758509114266690286,This is the best day ever!,patrick30,2023-03-17 10:20:20,390,217,positive
899454685680835719,I'm so upset right now.,mary89,2023-03-17 10:43:06,824,837,negative
835044144827429159,Going for a walk in the park.,pagemisty,2023-03-17 16:05:19,138,716,neutral
338547762274659527,This is the best day ever!,annegardner,2023-03-17 16:56:49,538,656,positive
361294003528044707,Watching a movie tonight.,johnsonandrew,2023-03-18 06:39:43,672,791,neutral
335005802589270981,Watching a movie tonight.,bradfordjacqueline,2023-03-18 07:05:51,917,584,neutral
837271956451995821,This is the best day ever!,richardrichards,2023-03-18 09:16:24,998,40,positive
112266489287086156,This is the best day ever!,mferguson,2023-03-18 10:21:02,172,447,positive
942395760333755780,I hate it when things don't go my way.,andreaharris,2023-03-18 11:08:32,180,90,negative
511638272337582190,Watching a movie tonight.,uanderson,2023-03-18 20:32:55,12,362,neutral
157288775259711493,Feeling disappointed in myself.,umoran,2023-03-18 21:30:34,140,582,negative
395685997833933175,This is the best day ever!,shawn67,2023-03-19 00:09:24,180,9,positive
546777502581828233,Going for a walk in the park.,mitchellrodney,2023-03-19 00:28:34,505,902,neutral
901927716357804393,Going for a walk in the park.,rickysmith,2023-03-19 03:42:02,243,397,neutral
443947562487159999,Feeling disappointed in myself.,ffitzpatrick,2023-03-19 05:30:31,675,759,negative
432472927951432714,Feeling disappointed in myself.,david87,2023-03-19 06:44:16,243,875,negative
563497088116155017,Feeling disappointed in myself.,cathybutler,2023-03-19 07:55:43,727,448,negative
698526257254328276,Feeling disappointed in myself.,albert15,2023-03-19 08:36:13,286,323,negative
540743707073993900,Feeling disappointed in myself.,williamsjohn,2023-03-19 14:34:29,982,591,negative
286304842485531986,Watching a movie tonight.,nlee,2023-03-19 15:54:56,588,845,neutral
810064771651779956,I love my life!,nathan35,2023-03-19 22:44:49,324,882,positive
855311568024269245,Going for a walk in the park.,wilcoxtonya,2023-03-19 22:47:54,284,851,neutral
593573478843439114,Feeling grateful for my friends and family.,qrangel,2023-03-19 22:53:05,64,378,positive
353998691335741408,I love my life!,marymorris,2023-03-20 05:05:40,522,775,positive
397725686948832494,I hate it when things don't go my way.,crystalnelson,2023-03-20 10:00:42,239,511,negative
435773810730569609,I love my life!,wigginsbernard,2023-03-20 10:44:34,617,817,positive
356512656600572906,I'm so upset right now.,jessica05,2023-03-20 15:11:04,461,77,negative
187759702141580309,Going for a walk in the park.,gloria55,2023-03-20 22:54:11,50,622,neutral
742161122958194341,I hate it when things don't go my way.,vaughnsteven,2023-03-21 00:50:30,53,240,negative
822109567481939514,I hate it when things don't go my way.,rebeccarice,2023-03-21 02:23:37,246,836,negative
333848082968125905,Feeling disappointed in myself.,millermichael,2023-03-21 10:36:39,369,125,negative
561233455811868497,Feeling disappointed in myself.,wongryan,2023-03-21 11:19:39,24,352,negative
822190004940324071,I'm so upset right now.,denisebaker,2023-03-21 14:57:21,427,893,negative
243041668138585435,Just had lunch with a friend.,whardy,2023-03-21 23:04:10,869,603,neutral
402437031786647283,I hate it when things don't go my way.,wpittman,2023-03-22 01:10:14,837,233,negative
529343572712669399,I love my life!,alyssa70,2023-03-22 01:37:45,895,995,positive
753283063549409045,I'm so upset right now.,campbellmichael,2023-03-22 02:04:39,201,492,negative
856734546098725952,I'm so upset right now.,whitemanuel,2023-03-22 02:47:34,577,816,negative
756817903273434252,I love my life!,fieldslauren,2023-03-22 08:05:12,790,219,positive
771502330577916700,Just had lunch with a friend.,camposjames,2023-03-22 10:26:52,983,852,neutral
288464763029330119,I hate it when things don't go my way.,jacob86,2023-03-22 16:39:14,493,545,negative
509800883381112600,Going for a walk in the park.,kathleen37,2023-03-22 18:54:01,932,488,neutral
972867687416271051,I hate it when things don't go my way.,brucegreene,2023-03-22 22:30:38,800,828,negative
568203622938462994,Feeling disappointed in myself.,jenniferbailey,2023-03-22 22:35:21,966,764,negative
954102272260898017,I hate it when things don't go my way.,whitneyharris,2023-03-23 02:06:18,272,469,negative
566110170870262350,I'm so upset right now.,scottowen,2023-03-23 02:33:55,35,586,negative
230638499715365325,Just had lunch with a friend.,johnsonheather,2023-03-23 04:48:44,558,189,neutral
283617462363647042,Feeling disappointed in myself.,jacobsrachel,2023-03-23 05:00:37,987,823,negative
948438961851630532,I love my life!,michaelwhite,2023-03-23 08:59:03,100,210,positive
646354893593387891,Feeling grateful for my friends and family.,jacob03,2023-03-23 14:05:49,378,65,positive
892181229373356641,Just had lunch with a friend.,pamelacarpenter,2023-03-23 14:41:58,464,612,neutral
496462971671766119,Feeling grateful for my friends and family.,joseph21,2023-03-23 15:09:15,568,282,positive
349080531910968021,I'm so upset right now.,wdalton,2023-03-23 19:56:38,725,220,negative
242313136667378419,I hate it when things don't go my way.,uanderson,2023-03-24 01:56:42,833,850,negative
736090294861657394,Just had lunch with a friend.,amber91,2023-03-24 03:16:33,824,689,neutral
250027394013428022,Feeling grateful for my friends and family.,ihurst,2023-03-24 03:42:43,227,975,positive
300674398079720833,Feeling disappointed in myself.,rfaulkner,2023-03-24 03:44:42,783,829,negative
146131254286089830,This is the best day ever!,fmcdaniel,2023-03-24 06:16:11,879,302,positive
221210779789195828,Feeling grateful for my friends and family.,dustin36,2023-03-24 07:13:47,766,211,positive
400103951886441072,This is the best day ever!,nkelly,2023-03-24 09:08:49,994,636,positive
196981059243047091,This is the best day ever!,clarksusan,2023-03-24 10:56:07,630,946,positive
911267322723104717,This is the best day ever!,raymondmitchell,2023-03-24 15:29:32,147,321,positive
901276124978596498,I hate it when things don't go my way.,joshuahogan,2023-03-24 20:22:04,71,247,negative
804388428081451844,Feeling disappointed in myself.,lmercer,2023-03-24 22:30:12,140,476,negative
296455796845903467,I love my life!,millermatthew,2023-03-24 23:03:34,275,261,positive
244166097657626071,Just had lunch with a friend.,patriciacollins,2023-03-25 00:25:55,47,632,neutral
495535683432996678,Feeling disappointed in myself.,vgonzalez,2023-03-25 12:52:09,487,336,negative
457142600928128984,This is the best day ever!,nicolejimenez,2023-03-25 15:50:49,399,436,positive
904175679551919551,Watching a movie tonight.,joy28,2023-03-25 17:39:31,536,573,neutral
148088968590913765,I hate it when things don't go my way.,rhernandez,2023-03-25 18:31:23,96,554,negative
134004886804940755,I hate it when things don't go my way.,katelyndelacruz,2023-03-25 18:59:58,1000,387,negative
991704373758803647,Feeling disappointed in myself.,michaelwilliams,2023-03-26 00:11:59,775,919,negative
112467055455565070,Feeling grateful for my friends and family.,knovak,2023-03-26 00:32:35,761,511,positive
153807289191388287,Watching a movie tonight.,michelehill,2023-03-26 01:14:17,198,26,neutral
352714354283961298,I love my life!,katherine47,2023-03-26 03:32:27,130,778,positive
149081934583957810,I'm so upset right now.,uwalsh,2023-03-26 05:49:50,80,866,negative
944012229672537432,I love my life!,evanskevin,2023-03-26 18:45:54,966,439,positive
249544837609526688,This is the best day ever!,zmiller,2023-03-26 18:58:02,35,590,positive
936780257022633808,Feeling disappointed in myself.,gjones,2023-03-26 23:16:00,426,5,negative
939797754177438344,Watching a movie tonight.,tmills,2023-03-27 08:18:51,53,793,neutral
446982002645964326,Going for a walk in the park.,andrew60,2023-03-27 09:46:05,892,776,neutral
255071824694535805,I love my life!,rachelthompson,2023-03-27 12:24:44,882,894,positive
962032187458364570,I'm so upset right now.,hesterjennifer,2023-03-27 18:54:10,158,589,negative
993889197108902052,I love my life!,schmidtwilliam,2023-03-27 20:13:44,863,708,positive
161313774314265334,Just had lunch with a friend.,anthony55,2023-03-27 21:01:24,578,575,neutral
726085754966485493,I love my life!,jacobbecker,2023-03-27 21:09:11,403,598,positive
676210144162167559,I hate it when things don't go my way.,john60,2023-03-28 07:44:58,656,595,negative
437941278257296363,I love my life!,vhayes,2023-03-28 07:48:14,807,515,positive
989055622962847779,Just had lunch with a friend.,kristopherhale,2023-03-28 08:17:35,96,587,neutral
741382056841422104,This is the best day ever!,heathersmith,2023-03-28 09:54:51,59,781,positive
935518872493141350,Going for a walk in the park.,lucerojennifer,2023-03-28 12:29:13,638,936,neutral
207730700047629972,I love my life!,anabauer,2023-03-28 12:43:35,314,871,positive
641743119817320903,I love my life!,wgreer,2023-03-28 23:36:58,18,382,positive
536073288806666586,Feeling grateful for my friends and family.,nicole19,2023-03-29 01:21:13,185,774,positive
470439620728657840,Watching a movie tonight.,kochandrew,2023-03-29 01:28:42,535,914,neutral
435713152940717054,I'm so upset right now.,christopher48,2023-03-29 09:45:29,846,665,negative
917814750750314955,Going for a walk in the park.,christina07,2023-03-29 11:12:15,1,212,neutral
983324148152971747,I hate it when things don't go my way.,richard28,2023-03-29 16:12:58,988,482,negative
867835312278166258,Going for a walk in the park.,zpowell,2023-03-29 22:39:08,892,412,neutral
397582721674591533,This is the best day ever!,xvillanueva,2023-03-29 23:19:04,565,447,positive
800336524921420888,I'm so upset right now.,cmorrow,2023-03-30 02:09:44,265,499,negative
778380360832986550,Watching a movie tonight.,lewismary,2023-03-30 05:16:29,411,758,neutral
847453140739591532,I'm so upset right now.,kristen97,2023-03-30 09:56:01,346,553,negative
649628927754697057,This is the best day ever!,brian47,2023-03-30 14:54:29,316,243,positive
108193764685672856,I hate it when things don't go my way.,kristin09,2023-03-30 23:11:16,837,875,negative
302655851820535737,Watching a movie tonight.,jimflynn,2023-03-31 00:08:30,167,566,neutral
532539542265082558,Feeling disappointed in myself.,nmartin,2023-03-31 02:06:40,257,555,negative
254660412081941492,Watching a movie tonight.,nicolehoffman,2023-03-31 09:58:28,98,309,neutral
729946582306109651,This is the best day ever!,meyeraudrey,2023-03-31 10:02:23,717,825,positive
999792445613138811,I hate it when things don't go my way.,lindsaybenitez,2023-03-31 11:20:25,485,989,negative
325502861244407954,I love my life!,gibsonwilliam,2023-03-31 14:35:48,981,266,positive
332471519592421652,This is the best day ever!,iallen,2023-03-31 14:53:56,172,226,positive
206424871629447469,Feeling disappointed in myself.,yolanda33,2023-03-31 15:29:53,877,177,negative
526043740201558546,Feeling grateful for my friends and family.,grantamy,2023-03-31 15:49:29,164,817,positive
771398559815149823,I hate it when things don't go my way.,nicolemorton,2023-03-31 18:49:25,717,835,negative
253610251867148911,Watching a movie tonight.,carrjames,2023-03-31 18:52:33,320,837,neutral
489689888982266496,Just had lunch with a friend.,phillipsmelissa,2023-03-31 20:10:44,16,879,neutral
234304136098576254,Feeling disappointed in myself.,joshua06,2023-03-31 22:23:27,229,643,negative
328173610233239477,Feeling disappointed in myself.,yjones,2023-03-31 22:23:33,25,298,negative
132878242479607554,I love my life!,fernandowells,2023-04-01 03:25:00,146,444,positive
607905996094810389,Going for a walk in the park.,jeffreyfarrell,2023-04-01 04:59:38,561,659,neutral
389107149301015436,I'm so upset right now.,nmurphy,2023-04-01 04:59:59,80,263,negative
112447009279801798,I hate it when things don't go my way.,chelsea00,2023-04-01 06:01:42,759,114,negative
946382507867183847,Feeling grateful for my friends and family.,jonesscott,2023-04-01 08:09:10,843,99,positive
600768717918287351,Going for a walk in the park.,dennis13,2023-04-01 08:28:17,211,54,neutral
996749403492759851,Just had lunch with a friend.,garzaglen,2023-04-01 10:12:32,165,660,neutral
316657574784207696,Feeling disappointed in myself.,zunigajo,2023-04-01 11:18:56,132,28,negative
699832107598799017,I hate it when things don't go my way.,longdylan,2023-04-01 12:41:59,47,970,negative
698825779839856994,Watching a movie tonight.,nwalker,2023-04-01 15:03:49,820,968,neutral
524487420764980602,This is the best day ever!,leelauren,2023-04-01 19:48:24,786,223,positive
680447046689676214,Going for a walk in the park.,carterrenee,2023-04-01 20:53:29,335,561,neutral
966680659231628755,Going for a walk in the park.,elizabeth55,2023-04-01 22:58:27,328,237,neutral
714675138503114591,This is the best day ever!,thomas23,2023-04-01 23:44:27,70,135,positive
358872643494616492,Feeling grateful for my friends and family.,michellebrown,2023-04-01 23:57:00,404,969,positive
891541608605382928,Feeling disappointed in myself.,shelly04,2023-04-02 02:46:40,553,869,negative
787245838115920053,Feeling grateful for my friends and family.,andrewlong,2023-04-02 04:18:39,775,292,positive
348630299406540964,This is the best day ever!,masseykevin,2023-04-02 06:15:59,239,160,positive
535021688607360396,Just had lunch with a friend.,mercadoamy,2023-04-02 07:57:21,501,980,neutral
520875016597954937,I love my life!,elliottkevin,2023-04-02 08:16:59,973,947,positive
698209798030019347,I hate it when things don't go my way.,patrick63,2023-04-02 12:27:16,512,415,negative
278085311183427866,Feeling grateful for my friends and family.,sschmidt,2023-04-02 13:50:36,181,683,positive
877711623977509643,This is the best day ever!,qhiggins,2023-04-02 16:46:31,13,879,positive
569957302498241102,This is the best day ever!,yking,2023-04-02 18:57:27,244,81,positive
385433209133448906,This is the best day ever!,wberger,2023-04-02 19:46:53,921,359,positive
540622758705923173,This is the best day ever!,douglasholly,2023-04-02 19:48:08,769,23,positive
380626539476913910,I love my life!,megan15,2023-04-02 23:40:41,577,286,positive
418629515447451105,I hate it when things don't go my way.,robertjohnson,2023-04-03 02:10:42,265,480,negative
808708114423813188,I hate it when things don't go my way.,imercer,2023-04-03 03:11:06,391,975,negative
752294960706139878,I'm so upset right now.,bburton,2023-04-03 03:35:17,355,406,negative
906687990447626563,Feeling disappointed in myself.,drewramos,2023-04-03 04:04:47,913,59,negative
233247012016137264,Just had lunch with a friend.,oobrien,2023-04-03 05:37:05,468,471,neutral
256056498145219528,Feeling grateful for my friends and family.,kingtheresa,2023-04-03 08:24:48,209,811,positive
202015911527516928,Just had lunch with a friend.,johnscharles,2023-04-03 09:11:29,80,540,neutral
960721962000279687,I'm so upset right now.,bearddebra,2023-04-03 09:15:03,554,714,negative
756743885587669911,This is the best day ever!,nicholas89,2023-04-03 11:55:37,289,963,positive
445596465422096676,Watching a movie tonight.,chanelizabeth,2023-04-03 12:27:58,740,17,neutral
848841545434071271,I'm so upset right now.,jennifer73,2023-04-03 12:50:08,259,793,negative
299674329971381313,I'm so upset right now.,qcarrillo,2023-04-03 14:02:20,864,580,negative
342598024999502395,I'm so upset right now.,smithallen,2023-04-03 14:17:14,551,253,negative
863318282706760636,Going for a walk in the park.,petersoncarrie,2023-04-03 17:03:22,161,51,neutral
303396889619802139,I hate it when things don't go my way.,cannonbrittany,2023-04-04 01:33:19,422,963,negative
993988953960735897,I'm so upset right now.,manuel50,2023-04-04 02:48:59,237,824,negative
660304153833599309,I hate it when things don't go my way.,jeffreyandrews,2023-04-04 04:58:59,585,366,negative
228128568592250419,I'm so upset right now.,danabaker,2023-04-04 05:32:10,315,81,negative
865965894650020185,I hate it when things don't go my way.,brian58,2023-04-04 06:04:28,308,906,negative
